[
    {
    "foodId": "1",
    "foodName": "Burrito",
    "foodImg":"https://www.scooterscoffee.com/media/catalog/product/cache/fd5aee147ea54c9ca8c318fc8ce46737/b/u/burrito_turkeysausage.png",
    "foodDateOrdered": "09/17/1998",
    "foodRating":"5",
    "foodDescription":"Delicious",
    "webUserId":"1",
    "userEmail":"joe1@aol.com"
    },
    {
    "foodId": "2",
    "foodName": "Taco",
    "foodImg":"https://www.tacobell.com/_static/web/images/loyalty/side-overlay-2022-E01-Rewards-Doritos-Locos-Tacos-W.png",
    "foodDateOrdered": "08/17/1998",
    "foodRating":"7",
    "foodDescription":"Yummy",
    "webUserId":"2",
    "userEmail":"joe2@aol.com"

    },
    {
    "foodId": "3",
    "foodName": "Torta",
    "foodImg":"https://www.mashed.com/img/gallery/torta/l-intro-1617396013.jpg",
    "foodDateOrdered": "09/15/1998",
    "foodRating":"10",
    "foodDescription":"Savory",
    "webUserId":"3",
    "userEmail":"joe3@aol.com"

    },
    {
    "foodId": "4",
    "foodName": "Tres Leches",
    "foodImg":"https://www.livewellbakeoften.com/wp-content/uploads/2020/12/Tres-Leches-Cake-10s-new.jpg",
    "foodDateOrdered": "09/17/2004",
    "foodRating":"6",
    "foodDescription":"Sweet",
    "webUserId":"1",
    "userEmail":"joe1@aol.com"

    }
]
